{"cameraMode":{"drawMode":0,"name":"Shaded","section":"Shading Mode"},"sceneLighting":false,"audioPlay":false,"sceneViewState":{"m_AlwaysRefresh":false,"showFog":false,"showSkybox":false,"showFlares":true,"showImageEffects":true,"showParticleSystems":true,"showVisualEffectGraphs":true,"m_FxEnabled":true},"in2DMode":false,"pivot":{"x":-0.09857267141342163,"y":0.8651484251022339,"z":3.2581675052642824},"rotation":{"x":0.18391884863376618,"y":-0.06629303097724915,"z":0.01243339478969574,"w":0.9806289672851563},"size":1.3643157482147217,"orthographic":false}