{"cameraMode":{"drawMode":0,"name":"Shaded","section":"Shading Mode"},"sceneLighting":false,"audioPlay":false,"sceneViewState":{"m_AlwaysRefresh":false,"showFog":false,"showSkybox":false,"showFlares":true,"showImageEffects":true,"showParticleSystems":true,"showVisualEffectGraphs":true,"m_FxEnabled":true},"in2DMode":false,"pivot":{"x":-0.18575717508792878,"y":1.8723715543746949,"z":8.700352668762207},"rotation":{"x":0.31798502802848818,"y":0.1735929250717163,"z":-0.05934305861592293,"w":0.9301815032958984},"size":0.4424472451210022,"orthographic":false}