{"cameraMode":{"drawMode":0,"name":"Shaded","section":"Shading Mode"},"sceneLighting":true,"audioPlay":false,"sceneViewState":{"m_AlwaysRefresh":false,"showFog":false,"showSkybox":true,"showFlares":true,"showImageEffects":true,"showParticleSystems":true,"showVisualEffectGraphs":true,"m_FxEnabled":true},"in2DMode":false,"pivot":{"x":-4.135986804962158,"y":-1.9062247276306153,"z":-2.772178888320923},"rotation":{"x":0.3446432054042816,"y":-0.01408026460558176,"z":0.005170847754925489,"w":0.9386191368103027},"size":10.992548942565918,"orthographic":true}