{"cameraMode":{"drawMode":0,"name":"Shaded","section":"Shading Mode"},"sceneLighting":true,"audioPlay":false,"sceneViewState":{"m_AlwaysRefresh":false,"showFog":false,"showSkybox":true,"showFlares":true,"showImageEffects":true,"showParticleSystems":true,"showVisualEffectGraphs":true,"m_FxEnabled":true},"in2DMode":false,"pivot":{"x":-0.3644402027130127,"y":0.11609435081481934,"z":0.896902322769165},"rotation":{"x":0.19710806012153626,"y":0.29088476300239565,"z":-0.061293747276067737,"w":0.9342930316925049},"size":2.165667772293091,"orthographic":false}