{"cameraMode":{"drawMode":0,"name":"Shaded","section":"Shading Mode"},"sceneLighting":true,"audioPlay":false,"sceneViewState":{"m_AlwaysRefresh":false,"showFog":false,"showSkybox":true,"showFlares":true,"showImageEffects":true,"showParticleSystems":true,"showVisualEffectGraphs":true,"m_FxEnabled":true},"in2DMode":false,"pivot":{"x":1.059075117111206,"y":-0.38874495029449465,"z":0.7682830095291138},"rotation":{"x":0.17066478729248048,"y":0.5452975630760193,"z":-0.11451724171638489,"w":0.8126585483551025},"size":2.0277793407440187,"orthographic":false}